community,size,share_of_nodes,internal_edges
0,983,0.24337707353305274,25444
1,815,0.20178261946026244,13453
2,548,0.13567714780886359,5356
3,543,0.13443921762812577,13755
4,372,0.0921020054468928,2929
5,219,0.05422134191631592,5464
6,208,0.05149789551869274,15353
7,206,0.05100272344639762,1983
8,59,0.014607576132706116,201
9,37,0.009160683337459768,492
10,25,0.006189650903689032,260
11,18,0.004456548650656103,121
12,6,0.0014855162168853676,14
