nodes,edges,density,connected_components,average_clustering,communities,modularity
4039,88234,0.010819963503439287,1,0.6055467186200862,13,0.7773775199040279
